{"frames": [

{
	"filename": "down",
	"frame": {"x":0,"y":142,"w":193,"h":71},
	"rotated": false,
	"trimmed": false,
	"spriteSourceSize": {"x":0,"y":0,"w":193,"h":71},
	"sourceSize": {"w":193,"h":71}
},
{
	"filename": "out",
	"frame": {"x":0,"y":71,"w":193,"h":71},
	"rotated": false,
	"trimmed": false,
	"spriteSourceSize": {"x":0,"y":0,"w":193,"h":71},
	"sourceSize": {"w":193,"h":71}
},
{
	"filename": "over",
	"frame": {"x":0,"y":0,"w":193,"h":71},
	"rotated": false,
	"trimmed": false,
	"spriteSourceSize": {"x":0,"y":0,"w":193,"h":71},
	"sourceSize": {"w":193,"h":71}
}],
"meta": {
	"app": "http://www.texturepacker.com",
	"version": "1.0",
	"image": "button1.png",
	"format": "RGBA8888",
	"size": {"w":193,"h":213},
	"scale": "1",
	"smartupdate": "$TexturePacker:SmartUpdate:94df81041404a206a4e9cd597a1e3495$"
}
}
