{"frames": [
	{
		"filename": "out",
		"frame": {"x":0,"y":0,"w":200,"h":52},
		"rotated": false,
		"trimmed": false,
		"spriteSourceSize": {"x":0,"y":0,"w":200,"h":52},
		"sourceSize": {"w":200,"h":104}
	},
	{
		"filename": "over",
		"frame": {"x":0,"y":52,"w":200,"h":52},
		"rotated": false,
		"trimmed": false,
		"spriteSourceSize": {"x":0,"y":0,"w":200,"h":52},
		"sourceSize": {"w":200,"h":104}
	}],
	"meta": {
		"app": "http://www.texturepacker.com",
		"version": "1.0",
		"image": "win-button.png",
		"format": "RGBA8888",
		"size": {"w":200,"h":104},
		"scale": "1",
		"smartupdate": "$TexturePacker:SmartUpdate:94df81041404a206a4e9cd597a1e3495$"
	}
}
